,stNo,stNam,Lon,Lat,county,address,altitude
0,466850,五分山雷達站,121.781205,25.071182,新北市,瑞芳區靜安路四段1巷1號,756.0
1,466880,板橋,121.442017,24.997647,新北市,板橋區大觀路二段265巷62號,9.7
2,466900,淡水,121.448906,25.164889,新北市,淡水區中正東路42巷6號,19.0
3,466910,鞍部,121.529731,25.182586,臺北市,北投區陽明山竹子湖路111號,837.6
4,466920,臺北,121.514853,25.037658,臺北市,中正區公園路64號,5.3
5,466930,竹子湖,121.544547,25.162078,臺北市,北投區陽明山竹子湖路2號,607.1
6,466940,基隆,121.740475,25.133314,基隆市,仁愛區港西街6號6樓(海港大樓6樓),26.7
7,466950,彭佳嶼,122.079744,25.627975,基隆市,中正區彭佳嶼,101.7
8,466990,花蓮,121.613275,23.975128,花蓮縣,花蓮市花崗街24號,16.1
9,467050,新屋,121.047486,25.006744,桃園市,新屋區東興路二段946號,20.6
10,467060,蘇澳,121.857372,24.596736,宜蘭縣,蘇澳鎮港區路1號6樓(蘇澳港行政大樓6樓),24.9
11,467080,宜蘭,121.756528,24.763975,宜蘭縣,宜蘭市力行路150號,7.2
12,467110,金門,118.289281,24.407306,金門縣,金城鎮金水里西海路一段250號,47.9
13,467270,田中,120.581348,23.873776,彰化縣,田中鎮中潭里4鄰高鐵三路1段167號,48.6
14,467300,東吉島,119.667467,23.25695,澎湖縣,望安鄉東吉村156號,43.0
15,467350,澎湖,119.563094,23.565503,澎湖縣,馬公市新興路2號,10.7
16,467410,臺南,120.204772,22.993239,臺南市,中西區公園路21號,40.8
17,467420,永康,120.2367,23.038386,臺南市,永康區鹽行里正南五街520巷88號,8.1
18,467440,高雄,120.315733,22.565992,高雄市,前鎮區明孝里26鄰漁港南二路2號,2.3
19,467480,嘉義,120.432906,23.495925,嘉義市,西區北新里海口寮路56號,26.9
20,467490,臺中,120.684075,24.145736,臺中市,北區精武路295號,84.0
21,467530,阿里山,120.813242,23.508208,嘉義縣,阿里山鄉中正村4鄰東阿里山73-1號,2413.4
22,467540,大武,120.903789,22.355675,臺東縣,大武鄉大武街115號,8.1
23,467550,玉山,120.959522,23.487614,南投縣,信義鄉玉山北峰1號,3844.8
24,467571,新竹,121.014219,24.827853,新竹縣,竹北市北崙里3鄰光明五街60號,26.9
25,467590,恆春,120.746339,22.003897,屏東縣,恆春鎮天文路50號,22.3
26,467610,成功,121.373428,23.097486,臺東縣,成功鎮公民路84號,33.5
27,467620,蘭嶼,121.558339,22.036969,臺東縣,蘭嶼鄉紅頭村2號,324.0
28,467650,日月潭,120.90805,23.881325,南投縣,魚池鄉水社村中山路270巷14號,1017.5
29,467660,臺東,121.154586,22.752211,臺東縣,臺東市大同路106號,9.0
30,467770,梧棲,120.523381,24.256003,臺中市,梧棲區臺灣大道十段2號海港大樓6樓,31.7
31,467790,墾丁雷達站,120.808028,21.948235,屏東縣,恆春鎮燈塔路51巷33號,42.0
32,467990,馬祖,119.923419,26.169269,連江縣,南竿鄉四維村6鄰88號,97.8
33,C0A520,山佳,121.402008,24.974944,新北市,樹林區中山路3段5號(山佳國民小學校園內),48.0
34,C0A530,坪林,121.709378,24.938203,新北市,坪林區,300.0
35,C0A540,四堵,121.745894,24.892761,新北市,坪林區碧湖(北宜路旁之碧湖橋道路上行約10分鐘),401.0
36,C0A550,泰平,121.823711,24.971197,新北市,雙溪區泰平里8鄰大平路43號(泰平國小分校附近),422.0
37,C0A560,福山,121.502811,24.776203,新北市,烏來區福山里李茂岸八號(福山國小旁),405.0
38,C0A570,桶後,121.597992,24.848222,新北市,烏來區后桶街49號孝義里5-6k處路旁,360.0
39,C0A640,石碇,121.662931,24.993858,新北市,石碇區湳窟34號附近,241.0
40,C0A650,火燒寮,121.742892,25.002719,新北市,平溪區東勢里,287.0
41,C0A660,瑞芳,121.801147,25.113169,新北市,瑞芳區22403龍山里逢甲路360號(義方國民小學校園內),97.0
42,C0A770,科教館,121.516507,25.096356,臺北市,士林區士商路189號（士林科教館樓頂）,60.0
43,C0A860,大坪,121.632969,25.165914,新北市,萬里區溪底里香員林6-3號,362.0
44,C0A870,五指山,121.608692,25.132153,新北市,汐止區國軍示範公墓旁之復興廣播電台門口外,685.0
45,C0A880,福隆,121.942083,25.017842,新北市,貢寮區東北角海岸國家風景管理處之福隆遊客中心後方,6.0
46,C0A890,雙溪,121.864242,25.036003,新北市,雙溪區雙溪里社區活動中心旁花圃內,40.0
47,C0A920,富貴角,121.565258,25.263783,新北市,石門區山溪里10鄰九芎林13號旁(石門國小山溪分班附近),196.0
48,C0A931,三和,121.595236,25.233153,新北市,金山區三和國小兩湖分校,216.0
49,C0A940,金山,121.643967,25.223628,新北市,金山區中興段404地號(磺港社區活動中心內),49.0
50,C0A950,鼻頭角,121.923372,25.129036,新北市,瑞芳區鼻頭角燈塔旁,60.0
51,C0A970,三貂角,122.002058,25.007606,新北市,貢寮區三貂角燈塔旁,96.0
52,C0A980,社子,121.469681,25.109508,臺北市,士林區延平北路九段212號(臺北海洋科技大學內),11.0
53,C0A9C0,天母,121.537169,25.117494,臺北市,士林區天母東路116號(三玉國小內),35.0
54,C0A9F0,內湖,121.57545,25.079422,臺北市,內湖區內湖路一段520號(內湖高工內),35.0
55,C0AC40,大屯山,121.522408,25.175675,臺北市,北投區湖田段461-6地號(民航局大屯山助航臺),1079.0
56,C0AC60,三峽,121.369728,24.939025,新北市,三峽區復興路238號(三峽國中校園內),55.0
57,C0AC70,信義,121.564597,25.037822,臺北市,信義區市府路1號(台北市政府頂樓),71.0
58,C0AC80,文山,121.575728,25.00235,臺北市,文山區木柵路4段159巷14-1號(博嘉國小校園內),40.0
59,C0ACA0,新莊,121.446756,25.051478,新北市,新莊區中和街193號(榮富國小校園內),25.0
60,C0AD00,三芝,121.501917,25.258131,新北市,三芝區育英路22號(三芝國小內),86.0
61,C0AD10,八里,121.403947,25.150211,新北市,八里區中山路二段338號(八里國小內),27.0
62,C0AD30,蘆洲,121.472331,25.086594,新北市,蘆洲區三民路96號(三民高中內),20.0
63,C0AD40,土城,121.445169,24.973208,新北市,土城區金城路一段90號(新北市政府消防局土城分隊大樓樓頂),32.0
64,C0AD50,鶯歌,121.346294,24.951533,新北市,鶯歌區尖山埔路106號(鶯歌國小內),84.0
65,C0AG80,中和,121.491792,24.991622,新北市,中和區錦和路163號(錦和高中內),48.0
66,C0AH00,汐止,121.658778,25.066881,新北市,汐止區大同路二段394號(汐止國中),38.0
67,C0AH10,永和,121.508111,25.01125,新北市,永和區永平路205號(永平高中校園內),30.0
68,C0AH30,五分山,121.780794,25.07125,新北市,瑞芳區靜安路四段1巷1號,755.0
69,C0AH40,平等,121.577086,25.129142,臺北市,士林區平菁街101號(平等國小),426.0
70,C0AH50,林口,121.38084,25.072181,新北市,林口區仁愛路二段173號(林口高中內),275.0
71,C0AH70,松山,121.55042,25.04871,臺北市,松山區敦化北路1號(臺北市松山運動中心),34.0
72,C0AH80,深坑,121.628328,25.002703,新北市,深坑區文山路1段35號(深坑消防分隊樓頂),68.0
73,C0AH90,福山植物園,121.58135,24.760717,新北市,烏來區福山植物園內(生活植物區之民俗植物區觀測坪),660.0
74,C0AI00,五股,121.42728,25.07445,新北市,五股區外寮路12號,188.0
75,C0AI10,屈尺,121.54475,24.92184,新北市,新店區屈尺路83號(衛福部北區老人之家),76.0
76,C0AI20,白沙灣,121.519058,25.283128,新北市,石門區德茂里下員坑33-6號（白沙灣遊客中心樓頂）,25.0
77,C0AI30,三重,121.500629,25.057328,新北市,三重區環河南路100號,26.0
78,C0AI40,石牌,121.513167,25.115601,臺北市,北投區石牌路一段139號(石牌國中自強樓頂樓),35.0
79,C0AJ10,澳底,121.927272,25.057107,新北市,貢寮區新港街128號(澳底第16海巡隊樓頂),20.0
80,C0AJ20,野柳,121.690021,25.20703,新北市,萬里區野柳村151-1號(野柳守望哨雷達塔),50.0
81,C0AJ30,淡水觀海,121.408616,25.184591,新北市,淡水區觀海路251號(淡水第2海巡隊樓頂),22.0
82,C0AJ40,石門,121.601198,25.273672,新北市,?石門區草里里草埔尾5號(黃金海岸高爾夫球場),154.0
83,C0AJ50,水湳洞,121.862238,25.123695,新北市,瑞芳區水湳洞段00197-000建號(水湳洞犬區隊),30.0
84,C0B010,七堵,121.71713,25.094819,基隆市,七堵區東新街22號(基隆商工樓頂),38.0
85,C0B020,基隆嶼,121.78391,25.19141,基隆市,中正區基隆嶼,86.0
86,C0B040,大武崙,121.706993,25.166676,基隆市,安樂區武聖街144弄50號(大武崙安檢所樓頂),15.0
87,C0B050,八斗子,121.79167,25.144754,基隆市,中正區漁港1街9號(八斗子安檢所樓頂),5.0
88,C0C460,復興,121.352281,24.820208,桃園市,復興區澤仁里中正路248號(介壽國民中學校園內),482.0
89,C0C480,桃園,121.323172,24.992425,桃園市,桃園區成功路二段144號(桃園高級農工職業學校校園內),105.0
90,C0C490,八德,121.283289,24.928708,桃園市,八德區興仁里中山路94號(八德國民小學校園內),157.0
91,C0C540,大園,121.225958,25.04775,桃園市,大園區埔心里25鄰中正東路1段189巷35號(埔心國民小學),46.0
92,C0C590,觀音,121.153317,25.027072,桃園市,觀音區廣福里10-42號(逸福農場),72.0
93,C0C620,蘆竹,121.265767,25.084275,桃園市,蘆竹區坑口里14鄰旁,19.0
94,C0C630,大溪,121.265547,24.882853,桃園市,大溪區員林路2段450號(員樹林國小校園內),209.0
95,C0C650,平鎮,121.214636,24.897503,桃園市,平鎮區中豐路山頂段375巷45號(山豐國民小學校園內),208.0
96,C0C660,楊梅,121.143047,24.912375,桃園市,楊梅區金華街100號(楊心國小),176.0
97,C0C670,龍潭,121.221389,24.870056,桃園市,龍潭區中興路726號（龍潭消防分隊）,250.0
98,C0C680,龜山,121.38656,25.02846,桃園市,龜山區文化一路250號(國立體育大學田徑場),228.0
99,C0C700,中壢,121.256375,24.977661,桃園市,中壢區成章四街120號(內壢高中樓頂),151.0
100,C0C710,大溪永福,121.324975,24.892936,桃園市,大溪區信義路1165號（永福國小）,143.0
101,C0C720,竹圍,121.239824,25.112692,桃園市,大園區沙崙段沙崙小號00719-000建號(竹圍第一機動巡邏隊樓頂),21.0
102,C0C730,中大臨海站,121.008581,24.966126,桃園市,新屋區蚵殼港段深圳小段52-41號土地(中央大學臨海工作站),5.0
103,C0C740,觀音工業區,121.114856,25.064764,桃園市,觀音區經建七路5號(觀音工業區汙水處理廠迴流汙泥站機房樓頂),5.3
104,C0D360,梅花,121.208558,24.678347,新竹縣,尖石鄉梅花村1鄰11號(梅花國小校園內),523.0
105,C0D390,關西,121.173947,24.798228,新竹縣,關西鎮北斗里北門口41號(關西國中校園內),146.0
106,C0D430,峨眉,121.017189,24.6905,新竹縣,峨眉鄉31541峨眉村峨眉街54號(峨眉國中校園內),87.0
107,C0D480,打鐵坑,121.150789,24.849664,新竹縣,新埔鎮新北里8鄰大北坑28號旁,223.0
108,C0D540,橫山,121.11693,24.71116,新竹縣,橫山鄉橫山村橫山段426-6地號上,227.0
109,C0D550,雪霸,121.11605,24.526972,新竹縣,五峰鄉桃山村民石380號(雪霸農場內),1956.0
110,C0D560,竹東,121.057881,24.767147,新竹縣,竹東鎮二重國民小學校園內,147.0
111,C0D580,寶山,121.025192,24.735006,新竹縣,寶山鄉新湖路280號旁,120.0
112,C0D590,新豐,120.97721,24.87068,新竹縣,新豐鄉松柏村康和路199號(小叮噹科學主題樂園),143.0
113,C0D650,湖口,121.043628,24.904794,新竹縣,湖口鄉信勢村三鄰成功路109號(湖口消防分隊),97.0
114,C0D660,新竹市東區,120.986947,24.798676,新竹市,東區光復路二段321號（工研院光復院區6館）,65.0
115,C0D670,海天一線,120.914438,24.831986,新竹市,北區(海天一線看海公園),23.0
116,C0D680,香山濕地,121.914988,24.783581,新竹市,香山區西濱路三段500巷17號,24.0
117,C0D690,外湖,120.968711,24.917735,新竹縣,新豐鄉新豐段00369-000建號(外湖守望哨樓頂),20.0
118,C0E420,竹南,120.888897,24.708978,苗栗縣,竹南鎮大埔里仁愛路1092號(竹南鎮大埔國民小學內),19.0
119,C0E430,南庄,121.000214,24.601775,苗栗縣,南庄鄉東村文化路3號(南庄國小校園內),258.0
120,C0E520,大湖,120.87087,24.41494,苗栗縣,大湖鄉大寮村5鄰竹高屋34-1號附近,320.0
121,C0E540,後龍,120.783933,24.606489,苗栗縣,後龍鎮後龍溪橋旁高地,32.0
122,C0E550,明德,120.885411,24.583486,苗栗縣,頭屋鄉明德水庫水利工作站屋頂上,84.0
123,C0E590,通霄,120.704622,24.471892,苗栗縣,通霄鎮城北里1鄰13號(通霄鎮城中國民小學內),40.0
124,C0E610,馬都安,120.930192,24.451272,苗栗縣,泰安鄉錦水村(由泰安開車約2小時瞭望台旁),850.0
125,C0E730,頭份,120.912206,24.688247,苗栗縣,頭份市中正路219號(苗栗縣頭份鎮頭份國小校園內),26.0
126,C0E740,造橋,120.864778,24.637056,苗栗縣,造橋鄉造橋村14鄰3號(造橋國小),27.0
127,C0E750,苗栗,120.824575,24.564569,苗栗縣,苗栗市中正路241號(建功國小),62.0
128,C0E780,銅鑼,120.790853,24.489681,苗栗縣,銅鑼鄉福興村文化街1號(銅鑼國小),160.0
129,C0E790,卓蘭,120.824753,24.312764,苗栗縣,卓蘭鎮中山路127號(卓蘭鎮公所),344.0
130,C0E810,西湖,120.7485,24.562947,苗栗縣,西湖鄉二湖村2鄰22號(僑文國小),53.0
131,C0E820,獅潭,120.920042,24.539133,苗栗縣,獅潭鄉新店村11鄰103-2號(獅潭鄉公所圖書館樓頂),220.0
132,C0E830,苑裡,120.653053,24.439714,苗栗縣,苑裡鎮信義路1號(苑裡鎮公所),37.0
133,C0E850,大河,120.948578,24.618069,苗栗縣,三灣鄉大河村48號(大河派出所),104.0
134,C0E870,高鐵苗栗,120.826094,24.60725,苗栗縣,後龍鎮高鐵三路268號(高鐵苗栗站外),34.0
135,C0E880,三義,120.74982,24.40548,苗栗縣,苗栗縣三義鄉130縣道13.5K附近（慈濟山茶園內）,507.0
136,C0E910,海埔,120.772435,24.648767,苗栗縣,後龍鎮海埔125之15號(外埔安檢所樓頂),25.0
137,C0E920,通霄漁港,120.673876,24.498589,苗栗縣,通霄鎮漁港路69號(通霄安檢所樓頂),20.0
138,C0E930,龍鳳,120.859125,24.700034,苗栗縣,竹南鎮龍鳳里龍江街359巷5號(龍鳳安檢所樓頂),26.0
139,C0F000,大肚,120.572117,24.15295,臺中市,大肚區瑞井里遊園路一段2號(臺中區監理所內),273.0
140,C0F0A0,雪山圈谷,121.236339,24.388594,臺中市,和平區(往雪山主峰路上9.8公里處右邊),3587.0
141,C0F0B0,石岡,120.777644,24.276061,臺中市,石岡區石岡街6號 (臺中市石岡區衛生所),311.0
142,C0F0C0,中坑,120.903319,24.248517,臺中市,和平區中坑里中坑段39地號內,983.0
143,C0F0D0,審馬陣,121.4203,24.381675,臺中市,和平區南湖大山指標16.2K處(審馬陣山附近),3171.0
144,C0F0E0,南湖圈谷,121.444667,24.363714,臺中市,和平區南湖大山指標20K處(南湖主峰東峰岔路附近),3557.0
145,C0F850,東勢,120.833047,24.246428,臺中市,東勢區東關路647號(東勢林區管理處雙崎工作站內),379.0
146,C0F861,梨山,121.243669,24.247522,臺中市,和平區梨山里福壽路29號（福壽山農場）,2215.0
147,C0F930,大甲,120.640403,24.347667,臺中市,大甲區開元路71號(大甲高級工業職業學校內),100.0
148,C0F970,大坑,120.722289,24.173142,臺中市,北屯區軍福十三路268號(東山消防分隊),145.0
149,C0F9A0,中竹林,120.751061,24.103556,臺中市,太平區長龍路中埔二號橋至站址直線距離約1.7km,425.0
150,C0F9I0,神岡,120.658314,24.272481,臺中市,神岡區三民路639號(圳堵國小校園南側大樓屋頂平台),194.0
151,C0F9K0,大安,120.588025,24.345061,臺中市,大安區中庄里中山南路296號(大安國小),30.0
152,C0F9L0,后里,120.729725,24.310436,臺中市,后里區甲后路110號(后里國小),253.0
153,C0F9M0,豐原,120.720692,24.254322,臺中市,豐原區豐榮里12鄰新生北路155號(豐原國小),230.0
154,C0F9N0,大里,120.701378,24.092464,臺中市,大里區文化街120號(塗城國小),75.0
155,C0F9O0,潭子,120.703933,24.213106,臺中市,潭子區中山路二段435號(潭子國小),175.0
156,C0F9P0,清水,120.562242,24.312297,臺中市,清水區護岸路37號(高美國小),26.0
157,C0F9Q0,外埔,120.705686,24.347817,臺中市,外埔區土城里土城西路55號(安定國小),149.0
158,C0F9R0,龍井,120.528972,24.184536,臺中市,龍井區西里龍門路51號(龍井國小),20.0
159,C0F9S0,烏日,120.624103,24.107058,臺中市,烏日區中山路二段196號(烏日國小),43.0
160,C0F9T0,西屯,120.641275,24.179494,臺中市,西屯區西屯路二段300號(西屯國小),111.0
161,C0F9U0,南屯,120.637969,24.137006,臺中市,南屯區黎明路一段968號(南屯國小),74.0
162,C0F9V0,新社,120.815806,24.200172,臺中市,新社區大南里興中街46號(農委會種苗改良繁殖場),525.0
163,C0F9X0,大雅(中科園區),120.62445,24.21528,臺中市,大雅區中部科學工業園區臺中園區(汙水處理機房樓頂),166.0
164,C0F9Y0,桃山,121.303808,24.432739,臺中市,和平區(位於往桃山山屋叉路解說牌附近),3313.0
165,C0F9Z0,雪山東峰,121.268675,24.388792,臺中市,和平區(位於雪山東峰直升機停機坪東南東方60公尺處),3193.0
166,C0FA00,烏石坑,120.94762,24.2735,臺中市,和平區東崎路2段烏石巷109號,983.0
167,C0FA10,松柏,120.617482,24.429115,臺中市,大甲區順帆路233號(松柏安檢所樓頂),22.0
168,C0FA20,溫寮,120.583125,24.372177,臺中市,大安區中山北路1巷67號(臺中大安區里民活動中心樓頂),26.0
169,C0G620,芬園,120.6213,24.015678,彰化縣,芬園鄉楓坑村大埔崙產業道路上(芬園往臺灣民俗村路上),110.0
170,C0G640,鹿港,120.430481,24.0753,彰化縣,鹿港鎮海埔里顏厝巷67號(行政院退輔會魚殖管理處彰化分場內),17.0
171,C0G650,員林,120.585597,23.946503,彰化縣,員林市萬年里明倫路2號(明倫國中內),34.0
172,C0G660,溪湖,120.479122,23.94835,彰化縣,溪湖鎮大竹里彰水路2段725號(湖南國民小學內),27.0
173,C0G720,溪州,120.499093,23.851589,彰化縣,溪州鄉溪下路四段560號(溪州鄉公所),50.0
174,C0G730,二林,120.376081,23.903325,彰化縣,二林鎮仁愛路200號(二林消防分隊),27.0
175,C0G740,大城,120.320935,23.852487,彰化縣,大城鄉東城村中平路185號(大城鄉公所),24.0
176,C0G770,福興,120.437669,24.041289,彰化縣,福興鄉員鹿路二段270號(福興國中),15.0
177,C0G780,秀水,120.503869,24.03405,彰化縣,秀水鄉安東村中山路257號(秀水國小),27.0
178,C0G800,埔鹽,120.431683,24.000394,彰化縣,埔鹽鄉永樂村永樂路600號(永樂國小),15.0
179,C0G810,埔心,120.525456,23.947633,彰化縣,埔心鄉舊館村員鹿路四段201號(舊館國小),26.0
180,C0G820,田尾,120.509389,23.901669,彰化縣,田尾鄉中正路二段101號(仁豐國小),29.0
181,C0G830,埤頭,120.452806,23.866003,彰化縣,埤頭鄉大湖村大湖路260號(大湖國小),27.0
182,C0G840,北斗,120.514222,23.877586,彰化縣,北斗鎮斗苑路二段150號(螺陽國小),32.0
183,C0G860,社頭,120.5862,23.897647,彰化縣,社頭鄉社斗路一段258號(社頭國小),45.0
184,C0G870,芳苑,120.320025,23.922303,彰化縣,芳苑鄉仁愛村斗苑路芳苑段211號(芳苑國中),12.0
185,C0G880,二水,120.6173,23.810742,彰化縣,二水鄉文化村119號(二水國小),92.0
186,C0G890,伸港,120.484403,24.148933,彰化縣,伸港鄉新港村和平路60號(新港國小),24.0
187,C0G900,線西,120.443536,24.143358,彰化縣,線西鄉慶福路300號（彰濱工業區線西服務大樓內),20.0
188,C0G910,花壇,120.549461,24.032076,彰化縣,彰化縣花壇鄉彰員路2段580號（花壇國中內）,42.0
189,C0G920,永靖,120.547533,23.924703,彰化縣,永靖鄉瑚璉路230號（永靖鄉公所樓頂）,42.0
190,C0G940,竹塘,120.386764,23.848253,彰化縣,竹塘鄉東陽路二段123號（長安國小校園內）,21.0
191,C0H890,埔里,120.952425,23.972169,南投縣,埔里鎮大城里大城路169號(南投縣立大成國民中學內),440.0
192,C0H950,中寮,120.766406,23.884447,南投縣,中寮鄉復興村初中巷50號(中寮國中校園內),192.0
193,C0H960,草屯,120.68085,23.973672,南投縣,草屯鎮中山里草鞋墩1街8號(草屯鎮公所樓頂),120.0
194,C0H990,昆陽,121.273642,24.121322,南投縣,仁愛鄉昆陽警察局後方下坡處(太魯閣國家公園)石碑後20公尺,3076.0
195,C0H9A0,神木村,120.843667,23.532742,南投縣,信義鄉神木村神木工作分站後方山坡上(對高岳營林區29林班地444號土地),1595.0
196,C0H9C0,合歡山,121.272547,24.143442,南投縣,仁愛鄉(近合歡山三角點，由松雪樓開車約15分鐘，大甲溪事業區第81林班),3402.0
197,C0I010,廬山,121.181808,24.033311,南投縣,仁愛鄉大同村仁和路21號(埔里-霧社收費站-盧山電力公司瞭望台),1562.0
198,C0I080,信義,120.851036,23.689694,南投縣,信義鄉自強村綠美巷(內茅埔營林區23林班地),536.0
199,C0I090,鳳凰,120.787347,23.728081,南投縣,鹿谷鄉鳳凰鳥園旁,910.0
200,C0I110,竹山,120.688156,23.761225,南投縣,竹山鎮延和里向學街32號(竹山國民小學內),161.0
201,C0I360,水里,120.849792,23.812553,南投縣,水里鄉中山路一段515號(玉山國家公園管理處),300.0
202,C0I370,魚池,120.94135,23.895703,南投縣,魚池鄉東池村魚池街194號(魚池鄉衛生所),671.0
203,C0I380,集集,120.801467,23.828206,南投縣,集集鎮民生東路1號(農委會特有生物研究保育中心),258.0
204,C0I390,仁愛,121.132206,24.022122,南投縣,仁愛鄉仁和路50號(台電公司仁愛服務所),1184.0
205,C0I410,名間,120.701447,23.837053,南投縣,名間鄉董門巷2號(名間鄉立體停車場),180.0
206,C0I420,國姓,120.855072,24.037803,南投縣,國姓鄉民族街40號(國姓鄉老人文康活動中心),305.0
207,C0I460,南投,120.687331,23.911469,南投縣,南投市龍泉里玉井街5號(南投市公所樓頂),110.0
208,C0I480,梅峰,121.173572,24.085272,南投縣,仁愛鄉大同村仁和路215號(梅峰農場),2165.0
209,C0I490,萬大林道,121.091411,23.928228,南投縣,仁愛鄉曲冰段(萬大林道約7.2k附近高地),1601.0
210,C0I520,玉山風口,120.955994,23.470489,南投縣,信義鄉(玉山主峰往北峰叉路空地附近),3860.0
211,C0I530,小奇萊,121.295717,24.131764,南投縣,仁愛鄉小奇萊步道指標1.5K處附近,3014.0
212,C0I540,奇萊稜線,121.326456,24.109231,南投縣,仁愛鄉奇萊連峰指標6.4K處(奇萊山屋附近),3344.0
213,C0K240,草嶺,120.693461,23.59555,雲林縣,古坑鄉草嶺村龍頭,1132.0
214,C0K250,崙背,120.318925,23.75555,雲林縣,崙背鄉阿勸村阿勸農場(阿勸段487號),12.0
215,C0K280,四湖,120.227125,23.630414,雲林縣,四湖鄉湖西村中正路766號(四湖國民中學內),23.0
216,C0K291,宜梧,120.169329,23.536281,雲林縣,口湖鄉湖口村170號央廣口湖分台內(憲兵排樓頂),8.0
217,C0K330,虎尾,120.442036,23.719183,雲林縣,虎尾鎮林森路一段64號(中正國民小學內),38.0
218,C0K390,土庫,120.395574,23.679029,雲林縣,土庫鎮建國路41號(土庫消防分隊),31.0
219,C0K400,斗六,120.541127,23.720583,雲林縣,斗六市鎮北路345-1號(斗六消防分隊),65.0
220,C0K410,北港,120.292802,23.573957,雲林縣,北港鎮大同路565號(北港消防分隊),20.0
221,C0K420,西螺,120.467394,23.800407,雲林縣,西螺鎮公正路211號(西螺消防分隊),42.0
222,C0K430,褒忠,120.303634,23.690938,雲林縣,褒忠鄉中正路451號(褒忠鄉公所),30.0
223,C0K440,二崙,120.408944,23.772797,雲林縣,二崙鄉中正路80號(二崙消防分隊),35.0
224,C0K450,大埤,120.431537,23.646074,雲林縣,大埤鄉中山路8號(大埤鄉公所),35.0
225,C0K460,斗南,120.478359,23.678734,雲林縣,斗南鎮延平路二段266號(斗南鎮停一立體停車場),60.0
226,C0K470,林內,120.609642,23.748675,雲林縣,林內鄉中正路685號(林內消防分隊),97.0
227,C0K480,莿桐,120.502372,23.761192,雲林縣,莿桐鄉和平路53號(莿桐鄉公所),56.0
228,C0K500,元長,120.315024,23.64981,雲林縣,元長鄉長南村仁愛街2號(元長鄉公所),12.0
229,C0K510,水林,120.24597,23.572924,雲林縣,水林鄉水北村水林路12號(水林鄉公所),10.0
230,C0K530,臺西,120.197559,23.701547,雲林縣,台西鄉中山路110巷38號(臺西消防分隊),12.0
231,C0K550,蔦松,120.229736,23.514319,雲林縣,水林鄉松中村蔦松路213號(蔦松國小),15.0
232,C0K560,棋山,120.603417,23.68645,雲林縣,古坑鄉棋盤村棋山49號(棋山國小),117.0
233,C0K580,高鐵雲林,120.417944,23.737456,雲林縣,虎尾鎮站前東路301號(高鐵雲林站外),26.0
234,C0K590,雲林東勢,120.255721,23.674192,雲林縣,東勢鄉東榮路29巷1號(東勢鄉圖書館樓頂),18.0
235,C0M410,馬頭山,120.582017,23.324361,嘉義縣,大埔鄉永樂村1鄰內灣仔2號,245.0
236,C0M520,東後寮,120.248065,23.369908,嘉義縣,義竹鄉東光村7號(台糖東後寮農場),15.0
237,C0M530,奮起湖,120.699253,23.493903,嘉義縣,竹崎鄉阿里山事業區148林班地(中興苗圃內),1385.0
238,C0M640,中埔,120.5229,23.42538,嘉義縣,中埔鄉中埔村128號(中埔鄉公所),155.0
239,C0M650,朴子,120.23902,23.43463,嘉義縣,朴子市竹村里36號(竹村國小),20.0
240,C0M660,溪口,120.403569,23.604131,嘉義縣,溪口鄉中正東路103號(溪口國中學生活動中心),40.0
241,C0M670,大林,120.45841,23.600616,嘉義縣,大林鎮新興街110號(大林地政事務所),43.0
242,C0M680,太保,120.331455,23.455062,嘉義縣,太保市太保里31號(太保市圖書館),37.0
243,C0M690,水上,120.388909,23.419734,嘉義縣,水上鄉三鎮村三鎮路119號(水上消防分隊),33.0
244,C0M700,竹崎,120.555508,23.526178,嘉義縣,竹崎鄉竹崎村舊車站79號(竹崎消防分隊),150.0
245,C0M710,東石,120.15385,23.458927,嘉義縣,東石鄉東石村3號(東石鄉公所),15.0
246,C0M720,番路,120.554156,23.464657,嘉義縣,番路鄉下坑村蔡公店101號(番路鄉公所),225.0
247,C0M730,嘉義市東區,120.460531,23.457673,嘉義市,親水路123 號(第五河川局水情中心),40.0
248,C0M740,六腳,120.290625,23.492871,嘉義縣,六腳鄉蒜頭村73-2號(六腳消防分隊),15.0
249,C0M750,布袋,120.167789,23.380878,嘉義縣,布袋鎮龍江里2-2號(布袋消防分隊),10.0
250,C0M760,民雄,120.428457,23.551754,嘉義縣,民雄鄉文化路7號(民雄鄉公所),40.0
251,C0M770,嘉義梅山,120.555587,23.585398,嘉義縣,梅山鄉中山路282號(梅山鄉公所),164.0
252,C0M780,鹿草,120.30835,23.41134,嘉義縣,鹿草鄉西井村287號(鹿草鄉公所),30.0
253,C0M790,新港,120.345728,23.553269,嘉義縣,新港鄉公園路28號(新港消防分隊),15.0
254,C0M800,茶山,120.664767,23.299075,嘉義縣,阿里山鄉茶山路62號之1(茶山村衛生室),440.0
255,C0M810,里佳,120.716647,23.389125,嘉義縣,阿里山鄉里佳村,1354.0
256,C0M820,達邦,120.749517,23.453994,嘉義縣,阿里山鄉達邦村21號(鄒族自然與文化中心),980.0
257,C0M850,表湖,120.64166,23.24186,嘉義縣,大埔鄉溪頭段1地號,695.0
258,C0M860,新美,120.683169,23.338017,嘉義縣,嘉義縣阿里山鄉新美村78號,578.0
259,C0O810,曾文,120.497328,23.219681,臺南市,楠西區曾文新村(曾文水庫管理局內),161.0
260,C0O830,北寮,120.495008,23.079561,臺南市,南化區北寮里48-4號,127.0
261,C0O840,王爺宮,120.40085,23.222064,臺南市,六甲區王爺里24號（六甲國小湖東分校）,134.0
262,C0O860,大內,120.36083,23.11885,臺南市,大內區74201大內里63號(大內國民小學),38.0
263,C0O900,善化,120.297219,23.112883,臺南市,善化區益民寮60號(亞洲蔬菜研究發展中心內),9.0
264,C0O930,玉井,120.46055,23.126042,臺南市,玉井區台灣糖業公司玉井糖廠,69.0
265,C0O950,安南,120.144861,23.076694,臺南市,安南區公學路6段589號(學東國民小學內),4.0
266,C0O960,崎頂,120.369317,22.959547,臺南市,龍崎區中坑里5鄰13號,112.0
267,C0O970,虎頭埤,120.347878,23.021375,臺南市,新化區口埤18號(新化分場),71.0
268,C0O980,新市,120.298197,23.061614,臺南市,新市區永就里53號(番子寮農場),18.0
269,C0O990,媽廟,120.293525,22.99175,臺南市,歸仁區中正北路3段60號(保西國民小學內),18.0
270,C0R100,尾寮山,120.683889,22.833111,屏東縣,三地門鄉口社檢查站車程約2小時(尾寮山瞭望台旁),1006.0
271,C0R130,阿禮,120.743678,22.742908,屏東縣,霧台鄉(屏東事業區第46林班)由山地文化村開車約2小時需徒步轉波站前面,1040.0
272,C0R140,瑪家,120.686639,22.682903,屏東縣,瑪家鄉瑪家村4鄰24號(後山),740.0
273,C0R150,三地門,120.639944,22.709889,屏東縣,內埔鄉水門村成功路83號(國立內埔高級農工職業學校內),105.0
274,C0R160,鹽埔,120.530778,22.739558,屏東縣,屏東縣鹽埔鄉七份路21號(彭厝國小),45.0
275,C0R170,屏東,120.494072,22.660269,屏東縣,屏東市復興路245號(台灣糖業公司屏東區處場區內),26.0
276,C0R190,赤山,120.614306,22.592333,屏東縣,萬巒鄉建興路40號（赤山國小）,32.0
277,C0R220,潮州,120.54,22.534361,屏東縣,潮州鎮光春路290號(屏東縣立光春國民中學內),23.0
278,C0R240,來義,120.625111,22.527306,屏東縣,萬巒鄉新隆路64號萬巒農場（佳佐段180號）,87.0
279,C0R260,春日,120.628306,22.370361,屏東縣,春日鄉鄉公所資源回收場旁,76.0
280,C0R270,琉球嶼,120.362236,22.332244,屏東縣,琉球鄉天台段596及597地號,51.0
281,C0R280,檳榔,120.836777,22.076078,屏東縣,滿州鄉長樂村大公路14號(往南仁山方向),242.0
282,C0R320,車城,120.716073,22.074033,屏東縣,車城鄉福興村中山路66號(車城國小),7.0
283,C0R341,牡丹,120.792639,22.130036,屏東縣,199縣道23K-23.5K間車城往旭海方向之右側,230.0
284,C0R350,貓鼻頭,120.7358,21.921774,屏東縣,恆春鎮(貓鼻頭風景區內),35.0
285,C0R440,大漢山,120.753181,22.405264,屏東縣,春日鄉大漢山頂,1654.0
286,C0R470,高樹,120.600806,22.826389,屏東縣,高樹鄉興中路330號(高樹圖書館),103.0
287,C0R480,長治,120.542622,22.693128,屏東縣,長治鄉德成村中興路572-1號(長治消防分隊),57.0
288,C0R490,九如,120.490503,22.7405,屏東縣,九如鄉九如路二段416號(九如鄉公所),49.0
289,C0R510,萬丹,120.490394,22.587775,屏東縣,萬丹鄉萬安村和平東路69號(萬丹消防分隊),31.0
290,C0R520,崁頂,120.506914,22.514781,屏東縣,崁頂鄉崁頂村興農路29-10號(崁頂消防分隊),18.0
291,C0R530,林邊,120.509983,22.430836,屏東縣,林邊鄉光林村和平路45號(林邊鄉衛生所),16.0
292,C0R540,佳冬,120.552375,22.419456,屏東縣,佳冬鄉佳昌路2號(佳冬鄉公所),17.0
293,C0R550,新埤,120.582894,22.467947,屏東縣,新埤鄉民眾路103號(新埤消防分隊),38.0
294,C0R560,新園,120.461558,22.5434,屏東縣,新園鄉仙吉村店口路116號(新園消防分隊),22.0
295,C0R570,麟洛,120.52719,22.65078,屏東縣,麟洛鄉中山路158號(麟洛鄉公所),37.0
296,C0R580,南州,120.50274,22.48591,屏東縣,南州鄉溪南村人和路241號(南州消防分隊),10.0
297,C0R590,里港,120.49459,22.77919,屏東縣,里港鄉永春村中山路104號(里港鄉公所),72.0
298,C0R600,舊泰武,120.664944,22.588194,屏東縣,泰武鄉泰武村良武巷101號(舊泰武村老人活動中心),766.0
299,C0R620,墾雷,120.855269,21.900836,屏東縣,恆春鎮燈塔路51巷33號(氣象局墾丁雷達站區內),34.0
300,C0R640,東港,120.44074,22.46247,屏東縣,東港鎮豐漁里豐漁街67號（水產試驗所東港生技研究中心）,21.0
301,C0R650,竹田,120.54344,22.58486,屏東縣,竹田鄉中正路123號(竹田鄉公所清潔隊),29.0
302,C0R660,枋寮,120.590647,22.367722,屏東縣,枋寮鄉枋寮村德興路197號(枋寮國小),20.0
303,C0R670,楓港,120.692156,22.190131,屏東縣,枋山鄉善餘村光復路24號(楓港國小),26.0
304,C0R680,佳樂水,120.861633,21.993578,屏東縣,滿州鄉佳樂水風景區內,13.0
305,C0R690,墾丁,120.810269,21.966756,屏東縣,恆春鎮墾丁森林遊樂區林業試驗所觀測坪,348.0
306,C0R700,枋山,120.661086,22.246844,屏東縣,枋山鄉中山路三段52號(加祿國小),19.0
307,C0R710,龍磐,120.838942,21.931672,屏東縣,屏東縣恆春助航台(NDB歸航台),117.0
308,C0R720,旭海,120.887614,22.205403,屏東縣,牡丹鄉旭海大草原步道旁,214.0
309,C0R730,大坪頂,120.69355,22.024633,屏東縣,屏東縣恆春鎮大坪頂電信機房旁,163.0
310,C0R740,獅子,120.70525,22.201569,屏東縣,屏東縣獅子鄉楓林村2巷26號,58.0
311,C0R750,四林格山,120.802439,22.076989,屏東縣,屏東縣牡丹鄉四林格山遊樂區第2涼亭旁大草原,551.0
312,C0R760,南仁湖,120.863353,22.084681,屏東縣,屏東縣滿州鄉南仁湖步道4K山頂觀測站旁,336.0
313,C0R770,保力,120.764111,22.071122,屏東縣,屏東縣車城鄉保力村竹社路5號,93.0
314,C0R780,滿州,120.839892,22.024403,屏東縣,屏東縣滿州鄉文化路32號,72.0
315,C0R790,九棚,120.889281,22.14195,屏東縣,屏東縣牡丹鄉九棚中科院基地,111.0
316,C0R800,丹路,120.750989,22.204481,屏東縣,屏東縣獅子鄉丹路一巷1號,131.0
317,C0R810,內獅,120.642986,22.305064,屏東縣,獅子鄉內獅村1號(內獅國小),25.0
318,C0R820,白鷺,120.666219,22.454275,屏東縣,屏東縣來義鄉白鷺大橋沿白鷺道路5.5公里處,588.0
319,C0R830,高士,120.836781,22.121825,屏東縣,屏東縣牡丹鄉高士社區進水廠水塔頂,383.0
320,C0R840,牡丹池山,120.841225,22.168389,屏東縣,屏東縣牡丹鄉牡丹池山山頂,536.0
321,C0S660,下馬,121.070312,23.150427,臺東縣,海端鄉廢棄下馬派出所旁,794.0
322,C0S690,太麻里,120.98533,22.60902,臺東縣,太麻里鄉(往金針山茶區之半路上),522.0
323,C0S700,知本,121.005642,22.684866,臺東縣,卑南鄉溫泉村(溫泉國小之樂山分校內),507.0
324,C0S710,鹿野,121.122994,22.917711,臺東縣,鹿野鄉鹿野高台高眺亭公廁東側草地上,382.0
325,C0S730,綠島,121.47533,22.6672,臺東縣,綠島鄉,110.0
326,C0S740,池上,121.209469,23.119628,臺東縣,池上鄉新興村104號(退輔會臺東農場內),289.0
327,C0S750,向陽,120.986133,23.248397,臺東縣,海端鄉向陽(公路局向陽工務段圍牆內),2280.0
328,C0S760,紅石,121.126219,23.069131,臺東縣,海端鄉紅石(紅石瞭望臺旁),1621.0
329,C0S770,大溪山,120.943325,22.478475,臺東縣,太麻里鄉多良村(廢棄中華電信轉播站旁),375.0
330,C0S790,金崙,120.966875,22.538122,臺東縣,太麻里鄉金崙段0304-1地號,236.0
331,C0S810,東河,121.303986,22.972672,臺東縣,東河鄉北東河17鄰26號(東河國民小學操場旁),65.0
332,C0S830,長濱,121.411975,23.286817,臺東縣,長濱鄉竹湖村移民橋後方山頂三角點旁,288.0
333,C0S840,南田,120.889208,22.279725,臺東縣,達仁鄉南田村南田風景區公園對面,22.0
334,C0S890,關山,121.175017,23.0395,臺東縣,關山鎮親水公園內,238.0
335,C0S900,蘭嶼高中,121.51214,22.04909,臺東縣,蘭嶼鄉椰油村37號（蘭嶼高中內）,27.0
336,C0S910,蘭嶼燈塔,121.503117,22.081197,臺東縣,蘭嶼鄉椰油段1-7地號（蘭嶼燈塔旁）,212.0
337,C0S920,金峰嘉蘭,120.960903,22.598758,臺東縣,金峰鄉嘉蘭村12鄰665號(金峰鄉嘉蘭村活動中心),133.0
338,C0S930,延平,121.084058,22.902581,臺東縣,臺東縣延平鄉昇平路75號(延平消防分隊),248.0
339,C0S940,石寧山,121.406639,23.223772,臺東縣,長濱鄉寧埔村石寧山附近山區,150.0
340,C0S950,七塊厝,121.229922,22.954453,臺東縣,東河鄉尚德村七塊厝產業道路附近山區,415.0
341,C0S960,香蘭,120.993375,22.587569,臺東縣,太麻里鄉香蘭村四鄰28號 (香蘭國小),32.0
342,C0S970,加津林,120.926942,22.416211,臺東縣,大武鄉大竹村14鄰加津林4號(舊高溪派出所),19.0
343,C0S980,勝林山,120.8938,22.430439,臺東縣,達仁鄉勝林山山頂停機坪旁(與大武鄉交界附近),903.0
344,C0S990,山豬窟,120.857372,22.318619,臺東縣,大武鄉南興村山豬窟產業道路附近山區(梅園涼亭旁),409.0
345,C0SA00,歷坵,120.89185,22.520969,臺東縣,金峰鄉歷坵產業道路附近山區,466.0
346,C0SA10,檳榔四格山,121.109308,22.810031,臺東縣,卑南鄉檳榔四格山山頂瞭望臺旁,411.0
347,C0SA20,金崙山,120.959667,22.567419,臺東縣,太麻里鄉富山產業道路附近山區(與金峰鄉交界附近),857.0
348,C0SA30,都歷,121.323642,23.020333,臺東縣,成功鎮新村路25號(東部海岸國家風景區管理處),93.0
349,C0SA40,瑞和,121.156697,22.974361,臺東縣,鹿野鄉瑞和村瑞景路3段1號(瑞源國中),200.0
350,C0SA60,知本（水試所）,121.082761,22.702394,臺東縣,臺東縣臺東市知本路2段291巷299號,11.0
351,C0SA80,土坂,120.887488,22.452922,臺東縣,達仁鄉土坂村1鄰10號(土坂國民小學操場旁),136.0
352,C0SA90,達仁林場,120.823972,22.264347,臺東縣,臺東縣達仁鄉臺東達五號農路4K處,497.0
353,C0T790,大禹嶺,121.316086,24.186117,花蓮縣,秀林鄉立霧溪事業區67林班地(救國團大禹山莊),2830.0
354,C0T820,天祥,121.495639,24.179597,花蓮縣,秀林鄉立霧溪事業區80林班地(天祥祥德寺),550.0
355,C0T870,鯉魚潭,121.508944,23.935639,花蓮縣,壽豐鄉池南村池南路一段8號(鯉魚潭風景區旁),135.0
356,C0T900,西林,121.441458,23.8119,花蓮縣,萬榮鄉西林路8鄰114號(西林國民小學運動場旁),160.0
357,C0T960,光復,121.424964,23.660694,花蓮縣,光復鄉大進村糖廠街19號(台糖公司花蓮光復糖廠內),120.0
358,C0T9A0,月眉山,121.539828,23.809928,花蓮縣,壽豐鄉月眉山旁的小山丘上(過米棧大橋往山上水璉方向至四號橋左轉之山上),498.0
359,C0T9B0,水源,121.537169,23.991861,花蓮縣,秀林鄉原林務局水源段的苗圃內,558.0
360,C0T9D0,和中,121.74103,24.26676,花蓮縣,秀林鄉秀林村62號(和平國小和中分校校園內),8.0
361,C0T9E0,大坑,121.581981,23.880628,花蓮縣,壽豐鄉10鄰山嶺80之1號(中華電信公司賀田山機房)旁,415.0
362,C0T9F0,水璉,121.542514,23.797131,花蓮縣,壽豐鄉水璉村,251.0
363,C0T9G0,鳳林山,121.420131,23.735269,花蓮縣,鳳林鎮,605.0
364,C0T9H0,加路蘭山,121.5274,23.682947,花蓮縣,豐濱鄉臨海段776-4號,725.0
365,C0T9I0,豐濱,121.514806,23.583897,花蓮縣,豐濱鄉豐濱村,152.0
366,C0T9M0,靜浦,121.495028,23.455167,花蓮縣,豐濱鄉靜浦村活動中心後山上,92.0
367,C0T9N0,富里,121.249378,23.171639,花蓮縣,富里鄉永安街52號(富里國小),261.0
368,C0U520,雙連埤,121.641303,24.753033,宜蘭縣,員山鄉雙連埤地區(需徒步20分鐘),517.0
369,C0U600,礁溪,121.765536,24.817544,宜蘭縣,礁溪鄉礁溪路四段23號(礁溪國民中學教室後宿舍旁),10.0
370,C0U650,玉蘭,121.587061,24.675286,宜蘭縣,大同鄉松羅村鹿場路11號(往松羅山頂瞭望亭旁),442.0
371,C0U710,太平山,121.525656,24.505486,宜蘭縣,大同鄉太平山93林班地(林務局路標22.3k處),1942.0
372,C0U720,南山,121.38167,24.43742,宜蘭縣,大同鄉南山村4鄰埤南巷31-3號(南山國民小學內),1260.0
373,C0U750,龜山島,121.953133,24.841667,宜蘭縣,頭城鎮龜山島山頂401高地觀景台,398.0
374,C0U760,東澳,121.83318,24.52196,宜蘭縣,南澳鄉東岳村蘇花路三段209號(東澳國小校園內),22.0
375,C0U770,南澳,121.81022,24.44935,宜蘭縣,南澳鄉中央氣象局地震中心系統維護課之南澳地震站,5.0
376,C0U780,五結,121.79794,24.68637,宜蘭縣,五結鄉五結中路二段88號(五結國小),15.0
377,C0U860,頭城,121.8308,24.85323,宜蘭縣,頭城鎮協天路468號(中華電信頭城海纜站內),5.0
378,C0U870,大礁溪,121.67505,24.79104,宜蘭縣,礁溪鄉二結村一鄰9-1號(國立宜蘭大學實驗林場),474.0
379,C0U890,三星,121.65302,24.66812,宜蘭縣,三星鄉月眉街54號(三星國中),116.0
380,C0U900,內城,121.68766,24.71813,宜蘭縣,員山鄉內城路545號(內城國民中小學),63.0
381,C0U910,冬山,121.7937,24.63373,宜蘭縣,冬山鄉冬山路98-5號(冬山消防分隊),17.0
382,C0U940,羅東,121.74934,24.68184,宜蘭縣,羅東鎮羅東運動公園南側(北成路二段停車場旁自行車道入口),25.0
383,C0U950,鶯子嶺,121.79244,24.89754,宜蘭縣,頭城鎮鶯子嶺通信站區內,1012.0
384,C0U960,翠峰湖,121.608044,24.510856,宜蘭縣,大同鄉太平山翠峰湖停車場木棧道旁,1885.0
385,C0U970,大福,121.81389,24.80064,宜蘭縣,壯圍鄉大福路一段62巷26號(大福國小),7.0
386,C0U980,坪林石牌,121.77396,24.86478,宜蘭縣,頭城鎮與新北市坪林區交界附近之國有林班地(位於坪林石牌附近山區),573.0
387,C0U990,員山,121.72247,24.74435,宜蘭縣,員山鄉員山村復興路39號(員山國小),31.0
388,C0UA00,土場,121.495333,24.576533,宜蘭縣,大同鄉土場,392.0
389,C0UA10,鴛鴦湖,121.412228,24.590269,宜蘭縣,大同鄉100線林道約15K(太平山事業區32林班內，鴛鴦湖工作站旁空地),1711.0
390,C0UA20,多加屯,121.373189,24.368614,宜蘭縣,大同鄉南湖大山指標8.4K處(多加屯避難山屋附近),2619.0
391,C0UA30,白嶺,121.519031,24.527819,宜蘭縣,大同鄉太平山白嶺苗圃內,1397.0
392,C0UA40,西德山,121.752608,24.560647,宜蘭縣,南澳鄉安平坑林道(力霸產業道路)附近山區(南澳事業區28林班內),1121.0
393,C0UA50,西帽山,121.802628,24.555361,宜蘭縣,南澳鄉台泥大白山運石道附近山區(羅東事業區96林班內),808.0
394,C0UA60,樟樹山,121.78325,24.41393,宜蘭縣,南澳鄉武塔村樟樹山附近山區,566.0
395,C0UA70,桃源谷,121.888875,24.962606,宜蘭縣,頭城鎮及新北市貢寮區交界之桃源谷附近空地,547.0
396,C0UA80,大溪漁港,121.902955,24.941801,宜蘭縣,頭城鎮大溪里濱海路5段492號(大溪安檢所樓頂),10.0
397,C0UA90,石城,121.951214,24.980444,宜蘭縣,頭城鎮石城路85號(石城執檢站樓頂),5.0
398,C0UB00,淡江大學蘭陽校園,121.730383,24.823239,宜蘭縣,礁溪鄉林尾路180號（淡江大學蘭陽校園內）,379.0
399,C0V210,復興,120.806089,23.222403,高雄市,桃源區復興里復興巷1鄰15號,734.0
400,C0V250,甲仙,120.591758,23.080106,高雄市,甲仙區(甲仙國民中學操場後方小山丘上),298.0
401,C0V260,月眉,120.539853,22.971003,高雄市,杉林區月眉里山仙路1號月眉農場,126.0
402,C0V310,美濃,120.519153,22.898742,高雄市,美濃區福安里中山路二段204巷65號(美濃區福安國小後方),46.0
403,C0V350,溪埔,120.446797,22.738578,高雄市,大樹區溪埔里之台29線近83K處,36.0
404,C0V360,內門,120.466769,22.975481,高雄市,內門區木柵里木柵3號（木柵國民小學）,94.0
405,C0V370,古亭坑,120.401947,22.893178,高雄市,田寮區古亭里,74.0
406,C0V400,阿公店,120.355528,22.804194,高雄市,燕巢區西燕里工程路1號（阿公店水庫內）,56.0
407,C0V440,鳳山,120.356122,22.646653,高雄市,鳳山區文山路園藝巷4號（鳳山熱帶園藝試驗分所）,27.0
408,C0V450,鳳森,120.392592,22.545064,高雄市,小港區水庫段96-1地號（鳳山給水廠內）,51.0
409,C0V490,新興,120.298803,22.627422,高雄市,新興區大同一路231號(大同國小內5樓頂),20.0
410,C0V500,旗津,120.285944,22.5886,高雄市,旗津區中洲二路207號(旗津國中校園內),6.0
411,C0V530,阿蓮,120.327508,22.883208,高雄市,阿蓮區阿蓮里民生路94號(阿蓮區公所),34.0
412,C0V610,梓官,120.267211,22.760558,高雄市,梓官區梓官路258號(梓官區公所),22.0
413,C0V620,永安,120.236856,22.82315,高雄市,永安區永安路32號(永安消防分隊),18.0
414,C0V630,茄萣,120.182608,22.906642,高雄市,茄萣區濱海路四段27號(茄萣區公所),19.0
415,C0V640,湖內,120.2445,22.887139,高雄市,湖內區中山路一段290之1號(湖街派出所),35.0
416,C0V650,彌陀,120.246361,22.783806,高雄市,彌陀區中正北路7號(彌陀消防分隊),28.0
417,C0V660,岡山,120.294958,22.797078,高雄市,岡山區岡山路341號(岡山地政事務所),25.0
418,C0V670,楠梓,120.286,22.71975,高雄市,楠梓區德民路1010號(國昌國民中學),20.0
419,C0V680,仁武,120.347722,22.701083,高雄市,仁武區中正路133號(仁武區公所),40.0
420,C0V690,鼓山,120.275575,22.623325,高雄市,鼓山區臨海一路61-1號(鼓山消防分隊),30.0
421,C0V700,三民,120.311233,22.645017,高雄市,三民區十全一路88號(十全消防分隊),24.0
422,C0V710,苓雅,120.330669,22.622742,高雄市,苓雅區三多一路162號(苓雅消防分隊),34.0
423,C0V720,林園,120.394511,22.507747,高雄市,林園區林園北路179號(林園區公所),15.0
424,C0V730,大寮,120.395717,22.605614,高雄市,大寮區鳳林三路492號(大寮區公所),33.0
425,C0V740,旗山,120.483597,22.888614,高雄市,旗山區延平一路499號(旗山區公所),60.0
426,C0V750,路竹,120.259439,22.854997,高雄市,路竹區國昌路76號(路竹區公所),50.0
427,C0V760,橋頭,120.30575,22.757806,高雄市,橋頭區隆豐路1號(橋頭區公所),30.0
428,C0V770,大社,120.346639,22.730306,高雄市,大社區自強街1號(大社區公所),26.0
429,C0V790,萬山,120.688056,22.905944,高雄市,茂林區萬山段710地號,410.0
430,C0V800,六龜,120.633583,22.997889,高雄市,六龜區民治路9號(六龜消防隊),256.0
431,C0V810,左營,120.28491,22.67491,高雄市,左營區左營大路1號(高雄市立海青高級工商職業學校資訊大樓樓頂),32.0
432,C0V820,小林,120.63325,23.148408,高雄市,甲仙區五里路24-2號（小林國小）,441.0
433,C0W110,東莒,119.98069,25.9652,連江縣,莒光鄉福正村1號(福正抽水機房，莒光遊客中心後方),16.0
434,C0W120,西嶼,119.468436,23.5626,澎湖縣,西嶼鄉195號(西嶼燈塔西方),58.0
435,C0W130,花嶼,119.32276,23.40007,澎湖縣,望安鄉花嶼村2號(花嶼國民小學),18.0
436,C0W140,金沙,118.408778,24.488292,金門縣,金沙鎮環島北路四段465號(金門縣自來水廠榮湖淨水場),21.0
437,C0W150,金寧,118.328989,24.457703,金門縣,金寧鄉頂林路315號(金門縣消防局),42.0
438,C0W160,烏坵,119.44956,24.9944,金門縣,烏坵鄉,49.0
439,C0X050,東河,120.385608,23.296598,臺南市,東山區東河里54號(東河水利工作站),25.0
440,C0X060,下營,120.256261,23.22695,臺南市,下營區仁里里下營國小附近,19.0
441,C0X080,佳里,120.145086,23.173039,臺南市,佳里區西方之埔尾，近七股區之篤加,2.0
442,C0X100,臺南市北區,120.194228,23.010394,臺南市,北區文賢路678號(和緯消防分隊),10.0
443,C0X110,臺南市南區,120.188378,22.961189,臺南市,南區明興路2號(南區區公所),20.0
444,C0X120,麻豆,120.248611,23.183289,臺南市,麻豆區興國路9號(麻豆消防分隊5樓頂),28.0
445,C0X130,官田,120.315422,23.193217,臺南市,官田區中山路一段132號(官田區公所),27.0
446,C0X140,西港,120.203108,23.125608,臺南市,西港區中山路450號(西港消防分隊4樓頂),17.0
447,C0X150,安定,120.227839,23.102614,臺南市,安定區南安里33-11號(安定消防分隊),18.0
448,C0X160,仁德,120.257689,22.968258,臺南市,仁德區仁義路432號(仁德消防分隊),26.0
449,C0X170,關廟,120.327797,22.963017,臺南市,關廟區中正路998號(關廟區公所3樓頂),50.0
450,C0X180,山上,120.363253,23.0757,臺南市,山上區豐德里隙子口5之1號(中油豐德供油中心2樓頂),62.0
451,C0X190,安平,120.152181,22.993161,臺南市,安平區城平路2號(台江國家公園管理處),10.0
452,C0X200,左鎮,120.408522,23.056758,臺南市,左鎮區中正里171號之4(左鎮區公所),61.0
453,C0X210,白河,120.414427,23.347466,臺南市,白河區中山路6號(白河消防分隊),38.0
454,C0X220,學甲,120.182187,23.230367,臺南市,學甲區華宗路313號(學甲區公所),26.0
455,C0X230,鹽水,120.247641,23.272621,臺南市,鹽水區竹埔里1號(竹埔派出所),29.0
456,C0X240,關子嶺,120.508025,23.331169,臺南市,白河區關嶺里94-3號(仙草國小關嶺分校),394.0
457,C0X250,新營,120.316698,23.310712,臺南市,新營區中正路30號(南瀛親子館),33.0
458,C0X260,後壁,120.362326,23.366358,臺南市,後壁區後壁里129號(後壁圖書館),39.0
459,C0X280,將軍,120.13577,23.214999,臺南市,將軍區將貴里58號(將軍國小),22.0
460,C0X290,北門,120.125481,23.267772,臺南市,北門區北門里舊埕108號(北門區公所),10.0
461,C0X300,鹿寮,120.477331,23.386047,臺南市,白河區崎內里12號(鹿寮水庫),70.0
462,C0X310,七股,120.086253,23.147289,臺南市,七股區鹽埕237-11號(氣象局七股雷達站區內),9.0
463,C0X320,柳營,120.375253,23.253328,臺南市,臺南市柳營區國道3號北上324.7K處,30.0
464,C0Z020,明里,121.262342,23.208717,花蓮縣,富里鄉明里村明里社區後方山上,211.0
465,C0Z050,佳心,121.21316,23.34567,花蓮縣,卓溪鄉佳心(玉山國家公園內，距花蓮卓溪鄉南安遊客步行2.5時之日據時代派出所舊址),824.0
466,C0Z061,玉里,121.339656,23.3215,花蓮縣,玉里鎮樂合里新民41號(樂合國小),174.0
467,C0Z070,舞鶴,121.37407,23.46811,花蓮縣,瑞穗鄉舞鶴村加納納山三角點旁,247.0
468,C0Z080,富源,121.378225,23.587642,花蓮縣,光復鄉大豐村9鄰265號(富源國中對面之半山腰上),298.0
469,C0Z100,東華,121.549833,23.89525,花蓮縣,壽豐鄉大學路二段1號（國立東華大學）,36.0
470,C0Z150,吉安光華,121.595153,23.930925,花蓮縣,吉安鄉南濱路一段531號(水資源回收中心),27.0
471,C0Z160,鳳林,121.453411,23.746114,花蓮縣,鳳林鎮信義路200號(鳳林地政事務所),124.0
472,C0Z170,卓溪,121.3033,23.34425,花蓮縣,卓溪鄉卓溪村中正路65-5號(卓溪鄉立圖書館),199.0
473,C0Z180,新城,121.60454,24.03946,花蓮縣,新城鄉大漢村光復路570號(新城鄉公所),34.0
474,C0Z190,富世,121.6297,24.14743,花蓮縣,秀林鄉富世村127號(富世國小校園內),62.0
475,C0Z200,萬榮,121.420106,23.709219,花蓮縣,鳳林鎮長橋里長橋路2號(長橋國小),153.0
476,C0Z210,瑞穗,121.39021,23.5239,花蓮縣,瑞穗鄉鶴岡村167號(鶴岡國小),126.0
477,C0Z220,和平林道,121.656317,24.343922,花蓮縣,秀林鄉臺電公司東部發電廠碧海機組廠區內(進入管制哨約7公里處),589.0
478,C0Z230,和平,121.77007,24.30717,花蓮縣,秀林鄉克來寶段399地號(和平工業港安檢所綠洲分隊),31.0
479,C0Z250,瑞穗林道,121.30688,23.49284,花蓮縣,卓溪鄉瑞穗林道約7.5K瑞欣礦區下方空地,1124.0
480,C0Z270,蕃薯寮,121.540108,23.73835,花蓮縣,壽豐鄉水璉村蕃薯寮附近山區道路旁(牛山段607地號內),343.0
481,C0Z280,德武,121.41071,23.47426,花蓮縣,玉里鎮德武里附近山區道路旁(德武段680地號內),224.0
482,C0Z290,赤柯山,121.38293,23.36893,花蓮縣,玉里鎮赤柯山段338地號,946.0
483,C0Z300,東里,121.30547,23.26853,花蓮縣,富里鄉東里村大莊路52號(東里消防分隊),182.0
484,C0Z310,清水斷崖,121.689142,24.218294,花蓮縣,秀林鄉臺9線大清水遊憩區下方空地,59.0
485,C0Z320,清水林道,121.188272,23.27125,花蓮縣,卓溪鄉清水林道北側山區(新生段1地號),646.0
486,C0Z330,安通山,121.348528,23.290728,花蓮縣,玉里鎮安通產業道路附近山區,488.0
487,C1A630,下盆,121.538622,24.771003,新北市,烏來區東勢溪中游(步行一小時),527.0
488,C1A750,石碇服務區,121.646242,25.00872,新北市,新北市石碇區文山路一段2號,92.0
489,C1A760,坪林交控,121.713442,24.94284,新北市,新北市坪林區坪雙路一段52號,217.0
490,C1A9N0,四十份,121.593283,24.934158,新北市,新店區北宜路旁(文山事業區第四林班),435.0
491,C1AC50,關渡,121.469331,25.133486,臺北市,北投區學園路2號(臺北城市科技大學校園內5樓頂),111.0
492,C1AI50,國三N016K,121.619664,25.034164,臺北市,國道3號北向16.51K,64.0
493,C1AI60,國一N039K,121.383836,25.064361,新北市,國道1號北向39.32K,181.0
494,C1C510,水尾,121.087161,24.940081,桃園市,楊梅區豐野里1鄰151號(富崗水尾工作站內),106.0
495,C1D380,新埔,121.03834,24.84745,新竹縣,新埔鎮下寮里43號義民廟右方路旁,65.0
496,C1D400,鳥嘴山,121.28387,24.71909,新竹縣,尖石鄉新樂村復興礦場,839.0
497,C1D410,白蘭,121.079947,24.579364,新竹縣,五峰鄉桃山村,1290.0
498,C1D420,太閣南,121.160575,24.632808,新竹縣,五峰鄉羅山工作站後方山頂羅山瞭望台旁,1279.0
499,C1D630,飛鳳山,121.119178,24.766464,新竹縣,芎林鄉王爺坑段83-7號地,462.0
500,C1D640,外坪(五指山),121.090961,24.644447,新竹縣,北埔鄉大坪段內大坪小段36-54號地,718.0
501,C1E451,象鼻,120.940228,24.368617,苗栗縣,泰安鄉象鼻村,950.0
502,C1E461,松安,120.986022,24.397972,苗栗縣,泰安鄉雪霸國家公園二本松解說站旁,1325.0
503,C1E480,鳳美,121.034747,24.554803,苗栗縣,南庄鄉東河村24鄰石門1號(南庄往鹿場途中),576.0
504,C1E511,新開,120.827019,24.347703,苗栗縣,大湖鄉新開村新開4鄰20號旁,326.0
505,C1E601,南勢,120.734842,24.572486,苗栗縣,後龍鎮南港里南勢山,125.0
506,C1E670,南礦,121.002836,24.538278,苗栗縣,南庄鄉蓬萊林道末端(南庄事業區18林班地),1209.0
507,C1E681,南勢山,120.923831,24.421669,苗栗縣,泰安鄉大興村(從泰安國小進入站址車程約10分鐘),977.0
508,C1E691,南湖,120.837533,24.40135,苗栗縣,大湖鄉(位於南湖台3線135k處之吊樑道山上),786.0
509,C1E701,八卦,120.927619,24.491756,苗栗縣,泰安鄉(與八卦派出所相距約1.2k處),737.0
510,C1E711,馬拉邦山,120.901656,24.367306,苗栗縣,大湖鄉東興村(馬拉邦山登山口),990.0
511,C1E721,泰安,120.968036,24.489017,苗栗縣,泰安鄉橫龍古道上(走路約5分鐘)之大湖事業區18林班地,1409.0
512,C1E770,公館,120.830806,24.526914,苗栗縣,公館鄉鶴岡村178號(鶴岡國中),83.0
513,C1E890,國三N149K,120.680019,24.463414,苗栗縣,國道3號北向149K,53.0
514,C1E900,國一N128K,120.844186,24.560997,苗栗縣,國道1號北向128K,80.0
515,C1F871,上谷關,121.018644,24.203483,臺中市,和平區(博愛國小谷關分校附近),1000.0
516,C1F891,稍來,121.001142,24.265689,臺中市,和平區八仙山事業區49林班地船型山苗圃廢棄觀測坪附近,2205.0
517,C1F911,新伯公,120.841069,24.221361,臺中市,東勢區詒福段163地號(台電公司門前右前方),417.0
518,C1F941,雪嶺,121.026642,24.280586,臺中市,和平區雪嶺地區八仙山事業區60林班地小雪山莊後方水塔後山頂,2620.0
519,C1F9B1,桐林,120.735194,24.066172,臺中市,霧峰區桐林里民生路(桐林國小斜對面),130.0
520,C1F9C1,白冷,120.929889,24.182844,臺中市,和平區天輪里天輪巷42號(臺中市和平區白冷國民小學校園內),610.0
521,C1F9D1,白毛台,120.886933,24.158325,臺中市,新社區福興里福民路13號旁,639.0
522,C1F9E1,龍安,120.831961,24.1605,臺中市,新社區中和里內(距龍安橋約1.2k處),563.0
523,C1F9F1,伯公龍,120.849047,24.272392,臺中市,東勢區勢林街(宏覺寺旁),500.0
524,C1F9G1,慶福山,120.848378,24.180853,臺中市,東勢區(台8線10.5k往馬鞍農場方向.車程約半小時),810.0
525,C1F9J1,清水林,120.820419,24.071242,臺中市,太平區136縣道9.5k處旁約500公尺,723.0
526,C1F9W0,德基,121.190261,24.254783,臺中市,和平區台8甲線69-70k處，彎入勝利路接翠巒產業道路約6.2km，路邊白色水塔旁,1970.0
527,C1G691,下水埔,120.5676,23.816114,彰化縣,溪州鄉大莊國小(大庄村中橫巷1號),110.0
528,C1G9D0,國一S218K,120.493253,23.890641,彰化縣,國道1號南向218.3K,30.0
529,C1H000,翠峰,121.205211,24.109397,南投縣,仁愛鄉翠峰段30地號東側旁(臺14甲線19-19.5k處的長途通信機房旁),2454.0
530,C1H840,國三N238K,120.707711,23.841008,南投縣,國道3號北向238.2K,231.0
531,C1H860,瑞岩,121.18345,24.123772,南投縣,仁愛鄉,1840.0
532,C1H900,清流,120.962997,24.080775,南投縣,仁愛鄉互助村,934.0
533,C1H920,長豐,120.879897,24.102039,南投縣,國姓鄉長豐村東二巷71號(仙徠山莊內),736.0
534,C1H941,雙冬,120.802189,23.967378,南投縣,草屯鎮雙冬里,630.0
535,C1H971,六分寮,120.6378,23.92507,南投縣,南投市鳳鳴里八卦路831號(南投縣政府消防局第一大隊鳳鳴分隊),428.0
536,C1H9B1,阿眉,120.994672,24.1263,南投縣,仁愛鄉(水利局雨量站旁),1710.0
537,C1I020,萬大,121.132261,23.979817,南投縣,仁愛鄉親愛村萬大水庫宿舍旁,1120.0
538,C1I030,武界,121.052483,23.913225,南投縣,仁愛鄉法治村,948.0
539,C1I050,丹大,121.141147,23.753747,南投縣,信義鄉丹大事業區第十七林班地(瞭望台旁),2568.0
540,C1I070,和社,120.888861,23.591131,南投縣,信義鄉中橫同富村同和巷47號和社分社觀測坪內,825.0
541,C1I101,溪頭,120.807647,23.661789,南投縣,鹿谷鄉內湖村森林巷溪頭林營區(鳳凰山瞭望台旁),1810.0
542,C1I121,大鞍,120.760017,23.678381,南投縣,竹山鎮樟空倫山之三角點附近,1515.0
543,C1I131,桶頭,120.654117,23.641944,南投縣,竹山鎮鯉南路338號旁,311.0
544,C1I140,卡奈托灣,121.087872,23.754364,南投縣,信義鄉丹大事業區第16林班地,1700.0
545,C1I150,青雲,120.949378,23.793361,南投縣,信義鄉地利村5鄰開信巷98-3號旁,393.0
546,C1I201,中心崙,120.712097,23.728722,南投縣,竹山鎮之中心崙林道4.1km處,677.0
547,C1I211,蘆竹湳,120.811994,23.934019,南投縣,中寮鄉清水村龍林巷4鄰58之6號旁,529.0
548,C1I220,樟湖,120.846983,23.905333,南投縣,國姓鄉147縣道9km處與站址直線距離約1.6km,1098.0
549,C1I230,九份二山,120.845,23.961944,南投縣,國姓鄉南港村九份二山上(921地震紀念公園內),837.0
550,C1I240,外大坪,120.917931,23.958697,南投縣,埔里鎮種瓜路(投68)路口至站址車程約20分鐘,725.0
551,C1I250,鯉潭,120.991131,23.961922,南投縣,埔里鎮埔里高工旁中心路2km處,732.0
552,C1I260,北坑,121.006903,23.9246,南投縣,埔里鎮麒麟里4鄰武界路31號旁,601.0
553,C1I280,埔中,120.642594,23.820778,南投縣,名間鄉埔中村11之3號後面,439.0
554,C1I290,豐丘,120.887417,23.668178,南投縣,信義鄉豐丘村豐丘產業道路末端,1151.0
555,C1I310,西巒,120.883956,23.754486,南投縣,信義鄉台21線道之人倫林道9.5k處,1033.0
556,C1I320,奧萬大,121.178556,23.952956,南投縣,仁愛鄉奧萬大森林遊樂區內(員工宿舍),1275.0
557,C1I330,楓樹林,121.076117,23.986803,南投縣,仁愛鄉埔里事業區107林班地(臺14線近埔里市區),1266.0
558,C1I340,新興橋,120.868728,23.563333,南投縣,信義鄉臺21線新興橋附近,897.0
559,C1I400,凌霄,121.004456,24.018778,南投縣,仁愛鄉守城段4地號,1399.0
560,C1I430,翠華,121.224339,24.191961,南投縣,仁愛鄉翠華村華岡段70地號內,2415.0
561,C1I440,新高口,120.878939,23.478744,南投縣,信義鄉新高口(臺18線約107.5k處路旁，對高岳營林區第31林班446號林地內),2540.0
562,C1I450,望鄉山,120.944286,23.594153,南投縣,信義鄉巒大事業區第131林班內(郡大林道約32K附近，望鄉山三角點旁),3025.0
563,C1I470,杉林溪,120.786444,23.639517,南投縣,竹山鎮大鞍里(杉林溪森林生態渡假園區收費亭附近，向欣谷碑旁),1680.0
564,C1I500,大尖山,120.994889,23.858572,南投縣,仁愛鄉大尖山,2017.0
565,C1I510,線浸林道,120.832956,23.761508,南投縣,鹿谷鄉線浸林道11k附近,1208.0
566,C1I550,國六W023K,120.867742,23.979067,南投縣,國道6號西向23.7K,373.0
567,C1K540,口湖,120.180517,23.585344,雲林縣,口湖鄉口湖村中正路一段280號(口湖消防分隊),15.0
568,C1M390,龍美,120.654417,23.406728,嘉義縣,番路鄉公興村隆美地區(舊地名為瀨頭)私人茶園內,1090.0
569,C1M400,菜瓜坪,120.576103,23.251928,嘉義縣,大埔鄉西興村,369.0
570,C1M480,獨立山,120.607797,23.537022,嘉義縣,竹崎鄉(獨立山三角點旁),840.0
571,C1M600,頭凍,120.603339,23.406364,嘉義縣,番路鄉阿里山公路23k處轉入興社產業道路盡頭,986.0
572,C1M610,石磐龍,120.663506,23.496606,嘉義縣,竹崎鄉光華村,1083.0
573,C1M620,瑞里,120.675197,23.545133,嘉義縣,梅山鄉瑞里派出所旁小路至站址(公墓旁)車程約10分鐘,1252.0
574,C1M640,十字,120.753683,23.492153,嘉義縣,阿里山鄉十字村16號（十字國小樓頂）,1567.0
575,C1M870,國三N285K,120.505833,23.550319,嘉義縣,國道3號北向285K,121.0
576,C1N001,沙崙,120.309406,22.935472,臺南市,歸仁區沙崙里184號北沙崙農場,24.0
577,C1O850,環湖,120.418633,23.148617,臺南市,大內區頭社里10號(大內國小鳴頭分校內),44.0
578,C1O870,大棟山,120.52226,23.31157,臺南市,白河區大棟山三角點,1249.0
579,C1O880,關山,120.594092,23.173397,臺南市,南化區關山里西阿里關83號(瑞峰國小附近),223.0
580,C1O921,楠西,120.484083,23.183511,臺南市,楠西區中興路107號(楠西國民中學內),115.0
581,C1O940,東山服務區,120.398472,23.286016,臺南市,國道3號北向319.9K,55.0
582,C1R110,口社,120.645222,22.770111,屏東縣,三地門鄉口社村5鄰信義巷58-5號,110.0
583,C1R120,上德文,120.704442,22.763272,屏東縣,三地門鄉德文村口之公墓旁,820.0
584,C1R250,力里,120.629228,22.428117,屏東縣,春日鄉七佳村自強一路92號(力里國民小學內),92.0
585,C1R290,石門山,120.756597,22.112611,屏東縣,牡丹鄉石門古戰場(恆春事業區29林班地),260.0
586,C1R610,西大武山,120.7322,22.617719,屏東縣,泰武鄉北大武山步道2.6k,1828.0
587,C1R630,龍泉,120.59091,22.66701,屏東縣,內埔鄉大新路109號（屏東縣新生國民小學）,60.0
588,C1S670,摩天,121.027,23.199503,臺東縣,海端鄉(省道臺20線169K福德宮後方),1580.0
589,C1S800,華源,121.02325,22.657883,臺東縣,太麻里鄉華源村,80.0
590,C1S820,金峰,120.933236,22.590969,臺東縣,金峰鄉嘉蘭村嘉蘭國小旁,177.0
591,C1S850,豐南,121.262389,23.122139,花蓮縣,富里鄉豐南村花82縣道盡頭叉路1k旁,489.0
592,C1S860,利嘉,121.050528,22.809417,臺東縣,卑南鄉利嘉林道6k附近梅子園,516.0
593,C1S870,南美山,121.382333,23.15025,臺東縣,成功鎮南美山產業道路盡頭柑橘園,222.0
594,C1S880,壽卡,120.858903,22.238911,臺東縣,達仁鄉(大武事業區第48林班內)電信轉播站後方,474.0
595,C1SA50,利嘉林道,121.009389,22.82325,臺東縣,臺東縣卑南鄉利嘉林道17K處,1235.0
596,C1SA70,都蘭,121.226881,22.87794,臺東縣,東河鄉都蘭村431號(都蘭國民小學教室頂樓),62.0
597,C1T800,洛韶,121.453956,24.204558,花蓮縣,秀林鄉富世村中橫公路洛韶11號旁,1260.0
598,C1T810,慈恩,121.388386,24.192044,花蓮縣,秀林鄉富世村關原路3號(救國團慈恩山莊),2049.0
599,C1T830,布洛灣,121.57127,24.17184,花蓮縣,秀林鄉布洛灣地區(布洛灣遊客中心圓環之廣場旁邊),675.0
600,C1T920,中興,121.498653,23.769503,花蓮縣,壽豐鄉中興大橋橋頭旁,68.0
601,C1T940,大觀,121.373133,23.714206,花蓮縣,萬榮鄉(往臺16線過管制哨約12k處),539.0
602,C1T950,太安,121.370128,23.666719,花蓮縣,萬榮鄉太田事業區128林班地(馬太鞍苗圃),1050.0
603,C1T970,大農,121.413331,23.615233,花蓮縣,光復鄉花蓮糖廠之大農農場內(大農段691號),183.0
604,C1T980,龍澗,121.411328,24.023289,花蓮縣,秀林鄉龍澗發電廠旁,1306.0
605,C1T990,高寮,121.356808,23.394239,花蓮縣,玉里鎮觀音里15鄰9號(觀音國民小學校園內),128.0
606,C1TA00,太魯閣,121.6236,24.15773,花蓮縣,秀林鄉富世291號（太魯閣國家公園管理處內）,94.0
607,C1U501,牛鬥,121.573656,24.637836,宜蘭縣,大同鄉牛鬥地區,280.0
608,C1U670,寒溪,121.71691,24.634,宜蘭縣,冬山鄉大進村大進七路51號(大進國民小學校園內),105.0
